State,Latitude,Longitude,NumberOfPoints
Andhra Pradesh,17.05333623,81.59152434,7
Andhra Pradesh,13.89066581,79.87981695,2
Andhra Pradesh,16.23096782,80.50969931,1
Andhra Pradesh,15.02621864,77.62107334,2
Andhra Pradesh,15.7612,77.46571,1
Andhra Pradesh,15.94075,77.42351,1
Assam,26.6975,91.8512,1
Assam,26.1619712,91.766784,1
Bangalore Urban,12.97553141,77.58833646,1
Bangalore Urban,12.97568929,77.64122981,4
Bangalore Urban,12.96792465,77.74977623,1
Bangalore Urban,12.9756828,77.5982326,1
Bangalore Urban,13.0018168,77.6235465,1
Bangalore Urban,13.0212463,77.5980284,1
Bangalore Urban,13.0323019,77.5697127,1
Bangalore Urban,12.9222872,77.4954903,1
Bangalore Urban,12.92333424,77.55487531,1
Bangalore Urban,12.93394205,77.51745189,1
Bihar,26.156965,85.899512,4
Delhi,28.75191135,77.2008688,1
chennai,12.38530243,79.7960046,1
Delhi,28.52735112,77.22113007,2
Delhi,28.70661176,77.1821076,4
Delhi,28.55336146,77.12361596,2
Delhi,28.61840101,77.2178362,2
Delhi,28.54476925,77.18614532,2
Delhi,28.51319678,77.18607061,1
Delhi,28.56132229,77.26966816,2
Delhi,28.51873186,77.29479543,2
Delhi,28.58369488,77.2222264,1
Delhi,28.63391638,77.21759419,1
Delhi,28.63160743,77.22192657,1
Delhi,28.63358992,77.22355404,1
Delhi,28.63499693,77.21967228,1
Delhi,28.60189431,77.18621161,1
Delhi,28.69903576,77.2039924,4
Delhi,28.49271726,77.14844073,1
Delhi,28.51413816,77.18681117,4
Delhi,28.59734202,77.1731831,2
Delhi,28.60069402,77.22615763,1
Delhi,28.56437049,77.23404017,4
Delhi,28.57419048,77.23108626,2
Delhi,28.63359506,77.22353557,1
Delhi,28.62230109,77.09545065,1
Delhi,28.55314,77.12122003,2
Delhi,28.55236761,77.12382001,2
Delhi,28.5437665,77.11959582,2
Delhi,28.54490649,77.2069168,2
Delhi,28.62519717,77.30549697,1
Delhi,28.62961908,77.31211257,1
Delhi,28.63389659,77.22077598,1
Delhi,28.61425316,77.2034289,1
Delhi,28.65602523,77.2311976,1
Delhi,28.63324209,77.22494621,1
Goa,15.36121,73.95358,1
Goa,15.39724,73.81304,1
Goa,15.38793,73.86319,1
Goa,15.3203,73.90176,1
Goa,15.24629,73.92976,1
Goa,15.15412716,73.95117826,1
Gujarat,21.03897578,72.97526541,1
Gujarat,22.28852323,73.13209856,1
Gujarat,20.38011026,72.91445488,2
Gujarat,22.17015606,73.08761282,1
Gujarat,22.18022593,73.08990858,1
Gujarat,20.74067296,73.0356012,1
Gujarat,22.79423449,73.85882626,1
Gujarat,22.81045962,74.30068522,2
Gujarat,22.28764515,73.13222579,2
Gujarat,23.33835544,72.70008026,2
Gujarat,23.42888479,72.39415885,2
Gujarat,23.44652295,72.39375007,2
Gujarat,23.09110943,72.03001389,2
Gujarat,23.7513808,72.36697155,2
Gujarat,24.06547063,72.39331223,2
Gujarat,22.43768122,69.96337421,2
Gujarat,23.65437207,73.31678699,2
Gujarat,22.56718089,71.77418877,2
Gujarat,23.00625297,71.08590884,2
Gujarat,22.4453545,70.11665545,2
Gujarat,21.19083337,72.82874435,1
Gujarat,23.0239226,72.4589304,1
Gujarat,23.175841,72.6267489,1
Gujarat,22.9966818,72.3581511,1
Gujarat,23.231491,72.6673639,1
Gujarat,23.07555435,72.56854042,2
Gujarat,23.1664285,72.6839839,1
Gujarat,23.17834276,72.61224559,1
Gujarat,23.06754609,72.66480929,1
Gujarat,23.06764573,72.66492752,1
Gujarat,23.01811408,72.67117697,1
Gujarat,22.95898656,72.57343765,1
Haryana,27.73556257,76.98387711,2
Haryana,30.70039972,76.78958546,2
Haryana,29.94598011,76.89940448,3
Haryana,30.28270919,77.0127543,2
Haryana,29.97515754,76.89180889,4
Haryana,29.74507285,76.97268654,2
Haryana,29.72690645,76.97863197,1
Haryana,29.15794314,77.03586564,1
Haryana,29.00473623,77.03264404,2
Haryana,28.37163971,77.21052937,2
Haryana,28.23723796,77.15038666,2
Haryana,28.24952649,76.81701147,2
Haryana,28.48756979,77.07332085,6
Haryana,28.48017155,77.10837798,2
Haryana,28.46059817,77.08066396,2
Haryana,28.47684723,77.0706756,2
Haryana,28.45909304,77.3063967,2
Haryana,28.12563663,76.63806418,1
Haryana,28.32326783,76.90113917,1
Haryana,28.28940019,77.29664111,1
Haryana,28.36285993,77.31481075,1
Haryana,28.48816917,77.30577306,10
Haryana,28.46770866,77.08175817,2
Haryana,28.46393254,77.04874615,1
Haryana,28.46882811,77.06388399,2
Haryana,28.4679844,77.05976819,1
Haryana,28.49765505,77.09311558,1
Haryana,28.50795489,77.08585157,1
Himachal Pradesh,32.21450539,76.31693963,2
Jammu and Kashmir,32.88658102,74.9563885,1
Jharkhand,23.76517328,86.80574019,1
Jharkhand,24.01218983,86.03378566,1
Karnataka,12.92246364,77.58468834,1
Karnataka,13.29373,74.74513,1
Karnataka,12.82496944,75.1754366,1
Karnataka,12.94513515,75.79442762,1
Karnataka,12.87898066,75.04671422,1
Karnataka,13.28561801,77.18274959,2
Karnataka,15.43949698,74.88361552,2
Karnataka,16.39544759,74.3733639,1
Karnataka,15.75274449,74.41115324,1
Karnataka,15.46306589,74.97746246,1
Karnataka,15.39447873,75.0085407,1
Karnataka,15.36955185,75.11909437,1
Karnataka,15.18493648,75.1361246,1
Karnataka,14.24887928,76.42599147,1
Karnataka,13.61215891,76.95345953,1
Karnataka,16.53666679,74.31995764,2
Karnataka,12.96085047,77.58182474,1
Karnataka,13.06457377,77.25712516,1
Karnataka,12.96013446,76.33023906,1
Karnataka,12.3526874,76.6292033,1
Karnataka,12.35014588,76.66019891,1
Karnataka,12.76619,75.19666,2
Karnataka,12.78393,77.75433,1
Karnataka,12.85327,77.6672,1
Karnataka,12.84108886,77.66441659,2
Karnataka,12.83968541,77.65952566,1
Karnataka,12.86106588,77.66099764,1
Karnataka,13.0595636,77.1631723,1
Karnataka,12.99504,76.89999,2
Karnataka,11.84679,76.67291,1
Karnataka,14.84718833,74.13547626,1
Karnataka,16.20816451,77.35246661,1
Karnataka,16.74947088,77.1301182,1
Karnataka,16.93447,76.26145,1
Karnataka,17.27460609,76.87407369,1
Karnataka,17.32724988,76.86779955,1
Karnataka,17.8286,76.90048,1
Karnataka,17.7726,77.11402,1
Karnataka,17.7392,77.3347,1
Karnataka,17.79618,77.42225,1
Karnataka,17.15414,75.79103,1
Karnataka,16.84916793,75.73497558,1
Karnataka,16.81325,75.7416,1
Karnataka,16.66450654,75.80500547,1
Karnataka,16.05300525,76.06577132,1
Karnataka,15.99107,76.10002,1
Karnataka,15.6388441,76.22021127,1
Karnataka,16.18182,75.63617,1
Karnataka,15.92777043,74.53233233,1
Karnataka,15.51204707,74.94282023,1
Karnataka,15.14327,77.0632,1
Karnataka,15.14016,76.97093,1
Karnataka,15.1624,76.86862,1
Karnataka,13.08468,77.41488,1
Karnataka,13.01490318,77.64620471,1
Karnataka,12.99577,77.6847,1
Karnataka,12.99430594,77.69929493,4
Karnataka,12.9857691,77.70856233,1
Karnataka,12.98413607,77.70811153,1
Karnataka,12.98306,77.70906,1
Karnataka,12.98184244,77.70863283,1
Karnataka,12.97260029,77.7114568,1
Karnataka,12.96712415,77.71696159,1
Karnataka,12.96358226,77.71737953,1
Karnataka,12.96316,77.71814,1
Karnataka,12.95717327,77.72954555,1
Karnataka,12.97098961,77.72502446,1
Karnataka,12.97926241,77.72744813,1
Karnataka,12.98904002,77.72758362,1
Karnataka,12.98906569,77.7276038,1
Karnataka,12.98921538,77.72961911,1
Karnataka,12.98634711,77.73038387,1
Karnataka,12.98728009,77.73628236,1
Karnataka,12.98720238,77.7373663,1
Karnataka,12.97757572,77.75708951,1
Karnataka,12.9600764,77.74719392,1
Karnataka,12.9600764,77.74719392,1
Karnataka,12.88919163,77.56343684,1
Karnataka,12.98211,77.56317,1
Karnataka,12.97859,77.58139,1
Karnataka,12.93979,77.73447,18
Karnataka,12.95179,77.70207,1
Karnataka,12.94329,77.69229,1
Karnataka,12.93674468,77.69488851,1
Karnataka,12.92924,77.70305,1
Karnataka,12.90986,77.68856,1
Karnataka,12.92099415,77.68605456,1
Karnataka,12.92100366,77.68539426,1
Karnataka,12.92823438,77.68218795,1
Karnataka,12.91911175,77.66515519,1
Karnataka,12.57449,77.42937,1
Karnataka,12.6915,77.47631,1
Karnataka,12.86563,77.65753,1
Karnataka,12.87194,77.65095,1
Karnataka,12.87544,77.64835,1
Karnataka,12.88014,77.64592,1
Karnataka,12.8912,77.63829,1
Karnataka,12.89388,77.65157,1
Karnataka,12.91801062,77.64926515,1
Karnataka,12.95925146,77.6627608,1
Karnataka,12.94576164,77.67413005,1
Karnataka,12.95272443,77.64085233,1
Karnataka,12.97451944,77.62146111,1
Karnataka,12.97394064,77.61988885,1
Karnataka,12.97331435,77.6195781,1
Karnataka,12.97278825,77.61840478,1
Karnataka,12.90375,77.60136,1
Karnataka,12.90302,77.60159,1
Karnataka,12.88912,77.59736,1
Karnataka,12.8759,77.59583,1
Karnataka,12.90401,77.57358,1
Karnataka,12.92905,77.514789,1
Karnataka,12.95027886,77.54055693,1
Karnataka,12.96870997,77.61440938,1
Karnataka,12.97248839,77.60854161,1
Karnataka,12.972458,77.606851,4
Karnataka,12.9725986,77.59908119,1
Karnataka,12.97472746,77.59942187,1
Karnataka,12.97384515,77.59597891,1
Karnataka,12.97228769,77.59492658,1
Karnataka,12.97001546,77.60047478,1
Karnataka,14.14024,75.55737,1
Karnataka,15.43437,74.46271,1
Karnataka,14.52576,74.31716,1
Karnataka,14.34117099,74.89089758,1
Karnataka,13.85362,74.6304,1
Karnataka,13.65205,74.70635,1
Karnataka,13.47826,74.7132,1
Karnataka,13.45598,74.98411,1
Karnataka,13.19883,75.06799,1
Karnataka,13.05771,75.03821,1
Karnataka,12.94103327,76.35064288,1
Karnataka,12.86689,74.90518,1
Karnataka,13.04291,77.60927,1
Karnataka,13.04675541,77.59123645,1
Karnataka,13.00113794,77.63254,2
Karnataka,13.04204,77.55465,1
Karnataka,13.04612,77.6269,3
Karnataka,13.08784814,77.66014775,56
Karnataka,13.11756,77.60923,1
Karnataka,13.16554,77.62933,1
Karnataka,13.19211,77.64456,1
Karnataka,13.19218,77.64652,1
Karnataka,13.34843,77.68211,1
Karnataka,13.31205,77.69087,1
Karnataka,13.19736,77.71011,1
Karnataka,13.24117,77.70313,1
Karnataka,13.18324,77.67608,10
Karnataka,13.15341,77.72827,1
Karnataka,13.05515,77.7638,1
Karnataka,13.05242,77.74675,1
Karnataka,12.96728,77.59552,1
Karnataka,12.96192,77.59922,1
Karnataka,12.96751,77.5939,1
Karnataka,12.44092711,75.71641034,1
Karnataka,13.00219032,76.13960172,1
Karnataka,12.9019345,77.4689096,1
Karnataka,12.48172,77.03598,1
Karnataka,12.30446,76.70639,1
Karnataka,12.30706,76.70759,1
Karnataka,12.31223,76.64067,1
Karnataka,12.31169,76.64328,1
Karnataka,12.29519,76.6415,1
Karnataka,12.30853,76.66071,1
Karnataka,12.31857,76.66539,1
Karnataka,12.35048,76.63894,1
Karnataka,12.35317,76.6357,1
Karnataka,12.35941,76.62151,1
Karnataka,12.83561,75.39953,1
Karnataka,12.76013,75.20645,1
Karnataka,12.86709,74.90488,1
Karnataka,12.87213,74.89078,1
Karnataka,12.8591,74.85515,1
Karnataka,12.85763,74.83832,1
Karnataka,12.86212,74.83519,1
Karnataka,12.88567,74.84352,1
Karnataka,12.88666,74.84176,1
Karnataka,12.88806956,74.83548432,1
Karnataka,12.92394,74.83135,1
Karnataka,12.90846241,74.83580307,1
Karnataka,12.92388185,74.82965522,1
Karnataka,12.94023031,74.81603967,1
Karnataka,12.94928,74.81044,1
Karnataka,15.28683,76.38577,1
Karnataka,15.9663,75.01014,1
Karnataka,16.19321,74.518,1
Karnataka,15.92845146,74.52903791,1
Karnataka,15.90161481,74.52143375,1
Karnataka,15.87828748,74.51579659,1
Karnataka,15.87496,74.51343,1
Karnataka,15.86734455,74.5286844,1
Karnataka,15.8188,74.49224,1
Karnataka,15.80545,74.48541,1
Karnataka,15.83662,74.49365,1
Karnataka,15.80585,74.57531,1
Karnataka,15.58799,74.78388,1
Karnataka,14.55971,75.72506,1
Karnataka,14.44452,75.89139,1
Karnataka,14.44549,75.8911,2
Karnataka,14.47385,75.88627,1
Karnataka,14.6243143,74.84155546,1
Karnataka,14.53811,75.75962,1
Karnataka,14.44223,75.95212,1
Karnataka,14.62398,76.46012,1
Karnataka,14.08641,76.54001,1
Karnataka,14.0521,76.56153,1
Karnataka,13.92317,76.64257,1
Karnataka,13.83953012,76.73914834,1
Karnataka,13.83953012,76.73914834,1
Karnataka,13.34529,77.08027,1
Karnataka,13.24891,77.22395,1
Karnataka,14.65406,75.56992,1
Karnataka,15.40827,75.06133,1
Karnataka,15.35533,75.08915,1
Karnataka,15.3593,75.12727,1
Karnataka,15.27878,75.14759,1
Karnataka,14.94519,75.25032,1
Karnataka,14.97927,75.04431,1
Karnataka,14.96012,74.71765,1
Karnataka,14.3166,74.42836,1
Karnataka,14.32599,74.42664,1
Karnataka,13.86534,74.81452,1
Karnataka,13.42865,75.25619,2
Karnataka,13.32784,75.77365,1
Karnataka,13.31755,75.77101,1
Karnataka,11.69692,76.63576,1
Karnataka,11.70634,76.64111,1
Karnataka,12.63923,77.14021,1
Karnataka,12.80007,77.41324,1
Karnataka,12.90073,77.63203,1
Karnataka,12.90212,77.64191,1
Karnataka,12.86308,77.65922,1
Karnataka,12.86462,77.67486,1
Karnataka,12.79284,77.72766,1
Karnataka,12.82734,77.65552,1
Karnataka,12.85845,77.58721,1
Karnataka,12.34912,76.57168,1
Karnataka,12.90145,74.84193,1
Karnataka,15.52849,74.90613,1
Karnataka,15.240056,75.14345,1
Karnataka,12.76356,77.70167,1
Karnataka,13.26416,77.71751,1
Karnataka,12.78840738,77.73682462,1
Karnataka,12.86276,77.53146,1
Karnataka,12.89719,77.57071,1
Karnataka,13.23897,77.72394,1
Karnataka,12.91293,77.66542,1
Karnataka,12.94285,77.69782,1
Karnataka,12.94269,77.69235,1
Karnataka,12.9717,77.7075,1
Karnataka,12.992,77.7299,1
Karnataka,12.98297349,77.708086,1
Karnataka,13.04041,77.74131,1
Karnataka,13.06226,77.74273,1
Karnataka,13.15446,77.70277,1
Karnataka,12.9923,77.65942,1
Karnataka,13.02234,77.67867,1
Karnataka,13.05367,77.63073,1
Karnataka,13.07536,77.6524,4
Karnataka,13.1043,77.60448,1
Karnataka,13.098,77.5658,1
Karnataka,12.3257,76.61038,1
Karnataka,12.24523,76.65978,1
Karnataka,12.3279,76.60826,1
Karnataka,13.13885,78.20935,2
Karnataka,13.13522,78.18786,1
Karnataka,14.17052,76.47221,1
Karnataka,13.75492,76.88246,10
Karnataka,13.79204,77.76632,2
Karnataka,13.28586,77.18248,1
Karnataka,12.13427,77.07437,1
Karnataka,13.06385,74.79791,1
Karnataka,12.20992,75.73586,2
Karnataka,13.34939,74.73729,1
Karnataka,13.36063,74.69908,1
Karnataka,13.35205,74.70382,1
Karnataka,12.838006,77.402104,4
Karnataka,12.14124,76.50854,1
Karnataka,12.32742,76.60886,1
Karnataka,12.35354,76.61858,1
Karnataka,12.35753,76.62834,1
Karnataka,12.3307,76.64479,2
Karnataka,12.2977,76.66446,1
Karnataka,12.87479,77.64694,1
Karnataka,12.92542,77.68788,1
Karnataka,12.9299,77.68317,1
Karnataka,12.92786,77.63306,1
Karnataka,12.93484,77.6118,1
Karnataka,12.99267,77.66117,1
Karnataka,12.99365,77.66045,1
Karnataka,12.98247,77.62461,1
Karnataka,12.97622,77.61948,1
Karnataka,12.98026,77.57661,1
Karnataka,12.97396,77.55157,1
Karnataka,13.01275,77.55504,1
Karnataka,13.01105,77.55471,2
Karnataka,13.00955312,77.55461113,4
Karnataka,12.99935,77.54971,1
Karnataka,13.02882249,77.5403215,2
Karnataka,13.04917,77.49967,3
Karnataka,13.31559,75.79555,2
Karnataka,13.26252,76.49317,1
Karnataka,13.31672,76.68119,1
Karnataka,13.15172,77.33795,3
Karnataka,12.38494,77.05314,1
Karnataka,12.30143,75.67671,1
Karnataka,12.18228,75.828,2
Karnataka,12.18078,75.91345,2
Karnataka,12.44606,75.68499,1
Karnataka,12.41887,75.74048,2
Karnataka,12.44616,75.93032,2
Karnataka,12.44734,75.93211,1
Karnataka,12.40038,76.01705,2
Karnataka,12.38309,76.03155,2
Karnataka,12.50535,76.83215,1
Karnataka,12.639274,77.139907,2
Karnataka,12.6396,77.14106,1
Karnataka,12.63923,77.14023,1
Karnataka,12.64316,77.15675,1
Karnataka,13.0001,77.52435,2
Karnataka,12.98439,77.57639,1
Karnataka,13.02499,77.54759,5
Karnataka,13.05335,77.50798,1
Karnataka,12.98931,77.50062,2
Karnataka,12.94696,77.53247,5
Karnataka,13.33696,75.81749,1
Karnataka,13.10898,75.74099,1
Karnataka,12.3459,76.43309,1
Karnataka,14.66667418,74.31221187,1
Karnataka,14.29007344,74.46279472,1
Karnataka,13.63272084,74.7004605,1
Karnataka,13.35036323,74.73695857,1
Karnataka,13.22567375,74.7486237,1
Karnataka,13.19458439,74.99894608,1
Karnataka,12.83385366,75.41335464,1
Karnataka,12.93122319,75.4071048,1
Karnataka,12.90551716,77.47375007,4
Karnataka,12.92396323,77.49720825,1
Karnataka,13.02681626,77.54261285,1
Karnataka,13.04672556,77.50216038,1
Karnataka,13.08652542,77.40847302,1
Karnataka,13.03311257,77.08714465,1
Karnataka,12.99777055,76.92416918,1
Karnataka,12.99023991,76.88182265,1
Karnataka,12.98803757,76.8746462,1
Karnataka,12.98762088,76.87332914,1
Karnataka,12.97602147,76.82832027,1
Karnataka,12.97010428,76.8016858,1
Karnataka,12.9663554,76.78837258,6
Karnataka,12.96237988,76.74911923,1
Karnataka,12.99535833,76.07977486,1
Karnataka,12.95601177,75.85031771,1
Karnataka,12.95636312,75.91730927,1
Karnataka,12.98692163,76.20598917,8
Karnataka,13.94855091,75.53166578,1
Karnataka,12.9821235,76.2293388,1
karnataka,12.33534887,76.62012791,1
Karnataka,15.16839,75.14055,1
Karnataka,14.57297,75.69027,1
Karnataka,10.0811991,77.63011747,1
Karnataka,12.33627592,76.6187466,1
Karnataka,12.17768,75.90516,1
Karnataka,12.91152151,77.67629826,1
Karnataka,12.95243885,77.63973153,2
Karnataka,12.98755414,77.62087069,1
Karnataka,12.98542094,77.73851288,2
Karnataka,12.9872191,77.7364744,2
Kerala,9.856562504,76.5965698,3
Kerala,11.23473742,75.84670659,1
Kerala,10.02776086,76.31117444,2
Kerala,9.962901963,76.31922071,6
Kerala,10.98925926,76.53701214,3
Kerala,9.857073849,76.72914896,1
Kerala,10.15896309,76.35822819,2
Kerala,10.38445,76.20057,2
Kerala,8.51270013,76.90155717,1
Kerala,8.487399351,76.92638659,2
Kerala,11.08301217,76.06846693,3
Kerala,9.643106439,76.54978698,2
Kerala,9.265237173,76.7780351,3
Kerala,9.412054897,76.34976819,1
Kerala,9.651227575,76.37388826,2
Kerala,11.94808244,75.61538494,2
Kerala,10.00309923,76.36193325,2
Kerala,9.976617428,76.31789612,1
Kerala,9.977956768,76.28359498,3
Kerala,9.966419154,76.300202,3
Kerala,9.944941655,76.37495422,2
Kerala,9.944357341,76.37454933,1
Kerala,9.932870963,76.35402261,4
Kerala,9.939769328,76.33084768,4
Kerala,9.934295516,76.31882007,2
Kerala,9.928512582,76.31755484,2
Kerala,9.918898936,76.31841806,4
Kerala,9.649388802,76.33665331,1
Kerala,9.609362415,76.32996534,2
Kerala,9.629063773,76.42994326,1
Kerala,9.568985393,76.51967655,1
Kerala,9.467585942,76.52983617,2
Kerala,9.432753474,76.54375728,2
Kerala,9.385812704,76.61916026,2
Kerala,9.390662542,76.6072281,2
Kerala,9.2536824,76.58650166,2
Kerala,9.266620589,76.46132376,2
Kerala,9.059438003,76.53579911,2
Kerala,9.089815631,76.52725224,2
Kerala,9.119213418,76.51867061,2
Kerala,9.168893147,76.7163129,2
Kerala,9.096268712,76.8466689,3
Kerala,8.756819929,76.79358309,1
Kerala,8.746709854,76.89821761,1
Kerala,8.604154391,76.99784557,2
Kerala,8.50349548,76.91166164,2
Kerala,8.315968833,77.09035465,3
Kerala,9.478662772,76.84487199,3
Kerala,10.0141442,76.94382997,2
Kerala,10.06993665,77.06094194,2
Kerala,9.702761975,76.72119375,2
Kerala,9.692576429,76.55969005,2
Kerala,9.861340746,76.59599011,2
Kerala,9.872065277,76.59611459,3
Kerala,10.05863762,76.65237792,2
Kerala,10.06823616,76.38681353,2
Kerala,10.11057497,76.37287274,2
Kerala,10.08867027,76.42441988,2
Kerala,10.11154054,76.47892757,2
Kerala,10.16308064,76.48721725,2
Kerala,10.16879256,76.43474413,2
Kerala,10.16452076,76.23328993,2
Kerala,10.14922378,76.2265059,2
Kerala,10.20314126,76.20040095,3
Kerala,10.6429724,75.98558048,2
Kerala,10.59330983,76.03739688,2
Kerala,10.61186018,76.68416479,1
Kerala,10.81963572,76.81019691,3
Kerala,10.90122132,75.92541639,2
Kerala,11.17979194,75.87213471,2
Kerala,11.28048199,75.87910483,2
Kerala,11.29802224,75.85300039,2
Kerala,11.24085462,75.80269852,5
Kerala,11.44624844,75.83307969,4
Kerala,11.55125369,75.74625711,3
Kerala,11.88139916,75.50131377,3
Kerala,12.04252833,75.50983364,2
Kerala,12.60628184,74.93843824,1
Kerala,10.50242024,76.25798226,2
Kerala,12.25915661,75.15052988,5
Kerala,9.910471286,76.36446384,1
Kerala,9.933191621,76.30004945,1
Kerala,9.619244356,76.37218582,2
Kerala,8.494716714,76.95231018,1
Kerala,8.493284029,76.9573161,1
Kerala,10.66622295,76.11344399,2
Kerala,11.26843239,75.83115597,2
Kerala,12.10566047,75.21173432,2
Kerala,12.14989799,75.21263664,1
Kerala,12.04865464,75.34628006,2
Kerala,11.91670442,75.35830443,1
Kerala,11.7257471,76.07767337,2
Kerala,11.66781267,76.07946997,1
Kerala,11.44651486,75.77262022,1
Kerala,11.36474601,75.73944993,2
Kerala,11.30428543,75.75957892,1
Kerala,11.25784125,75.81018792,2
Kerala,11.23535468,75.8456683,2
Kerala,11.16434134,75.96400737,2
Kerala,10.97774961,76.24286289,2
Kerala,10.95035814,76.16323671,1
Kerala,10.88631362,75.93057433,1
Kerala,10.76489386,76.65199428,1
Kerala,10.79699086,76.76440926,2
Kerala,10.7777153,76.3412277,2
Kerala,10.70522046,76.0892676,2
Kerala,10.52142322,76.05127901,2
Kerala,10.41643787,76.15367479,1
Kerala,10.58405552,76.43581742,1
Kerala,10.52860575,76.25562113,2
Kerala,10.53955965,76.25391684,1
Kerala,10.5112198,76.21322687,2
Kerala,10.1550447,76.28093392,1
Kerala,10.0364764,76.41865034,3
Kerala,10.00394558,76.3133535,4
Kerala,9.959224022,76.31419021,1
Kerala,9.938719981,76.31830916,1
Kerala,9.743231981,76.31942862,2
Kerala,10.01677286,76.50315707,1
Kerala,10.05906858,76.68397959,2
Kerala,9.935613467,76.57550197,1
Kerala,9.796182731,76.66330811,2
Kerala,9.718846766,76.52517369,2
Kerala,10.01725794,77.00066031,1
Kerala,9.847466205,76.98095644,1
Kerala,9.75083765,77.10918576,1
Kerala,9.688898074,76.90444843,1
Kerala,9.719752345,76.69166294,2
Kerala,9.606083639,76.57615047,2
Kerala,9.509674573,76.69336074,2
Kerala,9.478424884,76.56147986,1
Kerala,9.47379427,76.52851438,2
Kerala,9.41770524,76.48812051,2
Kerala,9.357343562,76.59062445,2
Kerala,9.21101914,76.50314274,1
Kerala,9.147193176,76.73240139,1
Kerala,9.067236462,76.53588535,1
Kerala,9.046108946,76.53668394,1
Kerala,8.983229975,76.5347704,2
Kerala,8.983229975,76.5347704,2
Kerala,9.026472181,76.85190109,1
Kerala,8.962957683,76.83555764,2
Kerala,8.921314625,76.57636971,2
Kerala,8.500476045,76.95228964,2
Kerala,8.500476045,76.95228964,2
Kerala,8.494429797,76.93007271,1
Kerala,8.491842864,76.9201682,2
Kerala,8.572651965,76.87040126,2
Kerala,8.57858553,76.86647625,1
Kerala,9.437442172,76.5420092,6
Kerala,10.01148474,76.3113875,2
Kerala,10.03915497,76.31555881,1
Kerala,10.08130279,76.33946199,1
Kerala,10.15999504,76.39015422,1
Kerala,10.16222425,76.3846535,1
Kerala,10.16204205,76.36735603,1
Kerala,10.22106036,76.37675213,1
Kerala,10.23248948,76.19594022,1
Kerala,10.76983098,76.6680965,2
Kerala,10.7822582,76.65824511,1
Kerala,10.4361871,76.26520583,1
Kerala,10.49672847,76.25836131,2
Kerala,10.52294042,76.20624767,1
Kerala,10.54042299,76.18967782,2
Kerala,10.59635698,76.04293443,2
Kerala,10.96023797,76.23467881,1
Kerala,10.98450272,76.18784701,1
Kerala,10.89791419,76.06100967,1
Kerala,10.91858061,75.91779833,1
Kerala,11.05251525,76.07764045,2
Kerala,11.06040253,76.08084416,1
Kerala,11.11890611,76.11847374,2
Kerala,11.2041462,76.13673353,2
Kerala,11.2232496,76.21691525,1
Kerala,11.21105437,76.22468507,1
Kerala,11.14029227,75.94831371,2
Kerala,11.21696527,75.85795106,2
Kerala,11.21390853,75.80263211,1
Kerala,11.23362686,75.80323853,1
Kerala,11.25846513,75.79290612,5
Kerala,11.2592145,75.77933452,2
Kerala,11.25868982,75.77397871,2
Kerala,11.25902905,75.77370839,2
Kerala,11.46505013,75.9701747,1
Kerala,11.66094302,76.24002282,1
Kerala,11.65932826,76.20718523,2
Kerala,11.63735277,76.09468538,1
Kerala,11.65763336,75.96043178,2
Kerala,11.76173425,75.50906838,1
Kerala,11.86015018,75.41434122,1
Kerala,11.99068592,75.65802183,1
Kerala,11.83285672,75.4264417,2
Kerala,11.86083034,75.41186778,2
Kerala,12.12000326,75.21755451,1
Kerala,12.17504848,75.19343333,1
Kerala,12.42338328,75.0147548,2
Kerala,12.51345441,75.02712294,1
Kerala,12.5094079,74.98611114,1
Kerala,8.353208648,77.05379012,3
Kerala,8.394252775,77.08872897,4
Kerala,8.488661007,76.95075167,1
Kerala,8.515262882,76.89815844,11
Kerala,8.539993048,76.884425,6
Kerala,8.728845866,76.89844751,2
Kerala,8.734523378,76.89801647,1
Kerala,8.686808046,76.82402233,2
Kerala,8.733067659,76.81064655,1
Kerala,8.86342699,76.87120784,3
Kerala,8.74908605,76.70581859,2
Kerala,8.982143341,76.80932966,2
Kerala,8.948246626,76.64624714,2
Kerala,9.070991646,76.85631123,2
Kerala,9.051367403,76.70324696,2
Kerala,9.045128433,76.77360004,4
Kerala,9.116847049,76.74511188,3
Kerala,9.145305964,76.76585839,1
Kerala,9.153564154,76.73554436,3
Kerala,9.145794596,76.45936322,2
Kerala,9.132307411,76.51385829,1
Kerala,9.184739729,76.49029684,4
Kerala,9.289000834,76.45653569,2
Kerala,9.246935402,76.75730779,2
Kerala,9.263776809,76.7854353,1
Kerala,9.311533027,76.62272053,4
Kerala,9.342144723,76.59848784,2
Kerala,9.459860218,76.55518359,2
Kerala,9.806942489,77.04794026,1
Kerala,9.747617293,77.1054177,1
Kerala,9.66539882,77.16084695,2
Kerala,9.614445835,77.15390991,2
Kerala,9.580204298,76.97061173,3
Kerala,9.567074729,76.70609404,1
Kerala,9.566378512,76.74160751,2
Kerala,9.753999722,76.70127896,2
Kerala,9.683248151,76.60975357,1
Kerala,9.668171829,76.57537882,3
Kerala,9.761923841,76.56472253,2
Kerala,9.727579426,76.52038777,1
Kerala,9.68333688,76.50559381,2
Kerala,9.589399336,76.52633053,1
Kerala,9.578258768,76.51947056,2
Kerala,9.490169817,76.32073716,1
Kerala,9.559497169,76.32821359,1
Kerala,9.562575062,76.32758403,1
Kerala,9.683890802,76.33358219,3
Kerala,9.851840438,76.38938787,1
Kerala,9.962610268,76.35800116,1
Kerala,9.948953178,76.34771092,5
Kerala,9.94775836,76.31854611,2
Kerala,9.947451633,76.30341556,3
Kerala,9.965194492,76.29662321,2
Kerala,9.995959579,76.31410218,2
Kerala,9.998499334,76.31386096,2
Kerala,10.01465881,76.3424006,2
Kerala,10.03567399,76.33644845,1
Kerala,10.03211451,76.32296046,7
Kerala,10.01437332,76.31253274,2
Kerala,10.025853,76.30847988,4
Kerala,10.05657909,76.77664747,1
Kerala,10.08987328,76.49767034,5
Kerala,10.11659967,76.44569941,3
Kerala,10.13484738,76.35454904,1
Kerala,10.14144398,76.35293383,2
Kerala,10.15505346,76.35471453,1
Kerala,10.20178009,76.40966162,2
Kerala,10.14967303,76.21756419,1
Kerala,10.27724459,76.34452808,2
Kerala,10.24066912,76.27252885,1
Kerala,10.21129205,76.19898867,2
Kerala,10.37813516,76.12254539,3
Kerala,10.43559497,76.26587468,4
Kerala,10.52614957,76.18795462,1
Kerala,10.54894656,76.18304111,4
Kerala,10.56496749,76.16598426,3
Kerala,10.4872912,76.07083612,2
Kerala,10.49454247,76.06584744,2
Kerala,10.59844782,76.03636789,1
Kerala,10.79730859,76.82754081,2
Kerala,10.79348727,76.82652951,2
Kerala,10.79203226,76.82834712,2
Kerala,10.82659305,76.82605307,3
Kerala,10.77395725,76.69819741,3
Kerala,10.64616636,76.55140239,3
Kerala,10.59323903,76.48253527,1
Kerala,10.71002171,76.42879294,2
Kerala,10.69271606,76.26858375,4
Kerala,10.75038197,76.2747566,1
Kerala,10.80479517,76.20815708,1
Kerala,10.81106853,76.1864437,4
Kerala,10.78488099,76.17067627,1
Kerala,10.93355662,76.5272171,3
Kerala,10.96529678,76.28389833,2
Kerala,10.87341308,76.06245823,3
Kerala,10.73956943,76.02927251,2
Kerala,11.13959615,76.23611346,1
Kerala,11.28804948,76.29798171,1
Kerala,11.28668073,76.23926379,1
Kerala,11.25364726,76.2019012,1
Kerala,11.12891582,76.11539461,3
Kerala,11.04318059,76.08430156,1
Kerala,11.02117549,75.94812609,1
Kerala,11.07841705,75.90276392,1
Kerala,11.67080199,76.36101966,1
Kerala,11.59777661,76.08013837,1
Kerala,11.51834425,76.0212557,1
Kerala,11.31972723,75.99551711,2
Kerala,11.40469328,75.92956806,1
Kerala,11.25880102,75.80890435,4
Kerala,11.2578618,75.7802306,2
Kerala,11.92755972,75.50047315,1
Kerala,11.82580205,75.50895671,1
Kerala,11.8716637,75.39598586,1
Kerala,11.88020075,75.37466479,2
Kerala,12.08863773,75.25264585,2
Kerala,12.40580531,75.09629761,1
Kerala,12.50597417,74.98678089,1
Kerala,12.34250549,75.11266367,7
Kerala,12.22720023,75.15911994,3
Kerala,12.17697015,75.2467558,3
Kerala,12.20776624,75.27945213,2
Kerala,11.99744945,75.37090753,2
Kerala,11.87836828,75.35952615,6
Kerala,10.0873794,77.06169963,3
Kerala,11.98556153,75.67618166,1
Kerala,11.75486663,75.57806506,1
Kerala,11.52044492,75.61798774,1
Kerala,11.64890104,75.75593648,1
Kerala,11.67292398,75.95730581,6
Kerala,11.73640531,75.98674423,2
Kerala,11.79697764,76.00660113,2
Kerala,11.66208634,76.26492171,4
Kerala,11.6540457,76.15358524,2
Kerala,11.59145545,76.07090978,4
Kerala,11.54575372,76.03937193,6
Kerala,11.44408743,75.95587691,6
Kerala,11.33968384,75.89871569,6
Kerala,11.31169215,75.8825934,2
Kerala,11.28067356,75.82463167,1
Kerala,11.28081467,75.82434977,1
Kerala,11.42767541,75.70299624,1
Kerala,11.31241162,75.75859063,6
Kerala,11.26278446,75.76824105,1
Kerala,11.38662806,76.35472249,1
Kerala,11.24532315,75.97749175,1
Kerala,11.18074376,75.85119864,1
Kerala,11.16886778,75.92676863,1
Kerala,11.17327991,75.9021518,1
Kerala,11.14491898,75.89616976,2
Kerala,10.91624728,75.91828654,5
Kerala,10.92282041,76.03291841,2
Kerala,11.00172659,75.98044942,2
Kerala,11.05422453,76.09214302,6
Kerala,11.12303335,76.11586843,1
Kerala,11.12341107,76.12418516,1
Kerala,11.09639986,76.21070705,2
Kerala,11.05620809,76.27851203,2
Kerala,11.03450239,76.26188661,1
Kerala,10.97719389,76.22165089,2
Kerala,10.98886452,76.43668851,2
Kerala,10.80936299,76.84632159,4
Kerala,10.80227998,76.78520299,2
Kerala,10.78535486,76.60395568,2
Kerala,10.83949185,76.57999971,1
Kerala,10.89808011,76.39529565,1
Kerala,10.77814249,76.43743038,2
Kerala,10.77974601,76.28528086,9
Kerala,10.87826592,76.18760662,1
Kerala,10.80158611,76.17840843,2
Kerala,10.7582932,76.13036645,1
Kerala,10.73455196,76.04864669,2
Kerala,10.73260554,76.03743007,1
Kerala,10.73382407,75.97481312,2
Kerala,10.78474624,75.94715236,1
Kerala,10.77270263,75.9471515,6
Kerala,10.68134082,76.16966999,2
Kerala,10.64441131,76.23665238,4
Kerala,10.61662659,76.12578392,3
Kerala,10.60582367,76.21178763,1
Kerala,10.54056179,76.21568678,2
Kerala,10.52779471,76.20534385,6
Kerala,10.5213323,76.23075685,2
Kerala,10.52203616,76.2275689,1
Kerala,10.51150301,76.22112426,1
Kerala,10.50445167,76.22534147,4
Kerala,10.49768853,76.06464226,1
Kerala,10.43156926,76.14255951,2
Kerala,10.40173221,76.11933512,6
Kerala,10.40243778,76.11263308,2
Kerala,10.408609,76.2140256,2
Kerala,10.3314231,76.21526077,1
Kerala,10.59340334,76.5835252,1
Kerala,10.59723817,76.47984937,6
Kerala,10.59195731,76.46571177,2
Kerala,10.47682692,76.25758185,3
Kerala,10.43389238,76.26514872,2
Kerala,10.38066087,76.29768618,2
Kerala,10.36704848,76.31535658,1
Kerala,10.33960893,76.32174631,2
Kerala,10.30310177,76.33704224,1
Kerala,10.2893433,76.3370682,1
Kerala,10.28557423,76.34237765,1
Kerala,10.28603965,76.55851558,2
Kerala,10.21406148,76.37936729,1
Kerala,10.19714412,76.38410959,2
Kerala,10.1897534,76.38664227,2
Kerala,10.1695516,76.37225561,6
Kerala,10.15658638,76.39193156,4
Kerala,10.15686756,76.3889799,4
Kerala,10.15991448,76.38915827,1
Kerala,10.16106206,76.38563078,1
Kerala,10.15929513,76.37852288,1
Kerala,10.14563298,76.25690381,5
Kerala,10.15491305,76.28601445,2
Kerala,10.08155965,76.33986742,1
Kerala,10.07728448,76.33764123,2
Kerala,10.04043387,76.33852407,1
Kerala,10.05377003,76.33086763,6
Kerala,10.05245925,76.3146563,3
Kerala,10.00024104,76.29842982,6
Kerala,9.97419253,76.2936817,6
Kerala,9.985005178,76.31606543,1
Kerala,9.971684804,76.32415963,1
Kerala,9.962667763,76.31821354,2
Kerala,9.948134986,76.31850176,2
Kerala,9.940155101,76.31841841,2
Kerala,9.942225213,76.3338851,2
Kerala,10.08803183,76.38904221,4
Kerala,9.932546342,76.38829398,1
Kerala,9.932987602,76.38873573,4
Kerala,10.00180181,76.36151799,4
Kerala,10.02602207,76.39199597,5
Kerala,10.03193693,76.40749252,2
Kerala,10.13017087,76.47072021,1
Kerala,10.06947007,76.60263007,2
Kerala,10.05398054,76.6153842,6
Kerala,9.979468553,76.55067813,1
Kerala,9.978862994,76.58443995,4
Kerala,9.979118268,76.58664023,2
Kerala,9.94615736,76.635631,2
Kerala,9.917340697,76.68758141,2
Kerala,9.892123472,76.70853053,6
Kerala,9.863113531,76.69709052,2
Kerala,9.798850817,76.45988738,2
Kerala,9.594581375,76.42606942,2
Kerala,8.502329328,76.89772557,1
Kerala,8.357873853,77.07294498,2
Kerala,8.494974778,76.97756798,2
Kerala,8.548542375,76.91829328,2
Kerala,8.560820152,76.89816464,1
Kerala,8.565300166,76.87444738,2
Kerala,9.789170222,76.85385689,6
Kerala,9.684303987,76.89548264,3
Kerala,9.690678968,76.77458973,1
Kerala,9.711918348,76.6932445,1
Kerala,9.691623798,76.64031695,4
Kerala,9.661163852,76.55132833,2
Kerala,9.632684209,76.5244017,5
Kerala,9.601836959,76.53215901,1
Kerala,9.586257488,76.58841522,2
Kerala,9.543064907,76.51423133,6
Kerala,9.519932045,76.32752164,1
Kerala,9.505147465,76.32832598,1
Kerala,9.425616903,76.34677264,5
Kerala,9.506164436,76.65233361,2
Kerala,9.452250326,76.5472389,3
Kerala,9.421076267,76.54613417,1
Kerala,9.373321982,76.56481065,1
Kerala,9.36752588,76.49951806,3
Kerala,9.314250283,76.42910773,4
Kerala,9.315750049,76.4012212,7
Kerala,9.316652369,76.80090227,2
Kerala,9.412378119,77.06996856,6
Kerala,9.306222052,76.80366578,1
Kerala,9.271844657,76.65508789,1
Kerala,9.301293402,76.63077878,3
Kerala,9.23250558,76.53790278,1
Kerala,9.229128424,76.84839128,1
Kerala,9.187183741,76.7092955,2
Kerala,9.180307946,76.70896676,1
Kerala,9.162499405,76.71051678,1
Kerala,9.198881109,76.6001765,2
Kerala,9.130625595,76.51429714,1
Kerala,9.059350297,76.76600397,2
Kerala,9.03035187,76.78219777,1
Kerala,8.966824196,77.05562963,1
Kerala,8.93504521,76.77241548,1
Kerala,8.957185858,76.67133653,6
Kerala,8.926969524,76.55280315,2
Kerala,8.887577414,76.58843661,2
Kerala,8.873868016,76.64100893,1
Kerala,8.819673868,76.75363731,1
Kerala,8.935694035,76.85104921,2
Kerala,8.866370095,76.66887781,6
Kerala,8.690987764,76.84839779,6
Kerala,8.534933841,76.94198426,6
Kerala,8.516753527,76.93968818,6
Kerala,11.7952321,75.4902189,3
Kerala,11.58636489,75.59322034,3
Kerala,10.97506931,76.22228328,3
Kerala,10.78101644,76.27832766,3
Kerala,10.60158189,76.21488231,3
Kerala,10.69295155,76.72626208,3
Kerala,9.849056509,76.97740371,3
Kerala,9.976988501,76.27781052,4
Kerala,9.63370013,76.33372245,3
Kerala,9.218788692,76.74875398,3
Kerala,8.481014702,76.91264314,4
Kerala,12.50891488,75.04478426,2
Kerala,11.38282724,75.7359365,2
Kerala,11.28249895,75.7695995,2
Kerala,11.27997831,75.7704806,2
Kerala,10.79047661,76.65111939,2
Kerala,10.47104712,76.25745903,2
Kerala,10.02982815,76.30813431,2
Kerala,9.933863177,76.31687406,2
Kerala,9.92299022,76.31768925,2
Kerala,9.973783778,76.60069409,1
Kerala,9.89265954,76.71176414,3
Kerala,9.661688306,76.55113746,2
Kerala,9.277744925,76.75468311,2
Kerala,9.169962389,76.49808792,2
Kerala,9.052355042,76.53546081,2
Kerala,9.046053009,76.53663078,2
Kerala,8.915427161,76.61486887,4
Kerala,8.911104862,76.62735316,2
Kerala,8.737548356,76.70789801,3
Kerala,8.535706208,76.96526204,2
Kerala,12.30424174,75.09704178,1
Kerala,11.9270166,75.50042206,1
Kerala,11.78788559,75.53302105,3
Kerala,11.74512339,75.49541917,2
Kerala,11.66124226,76.25568142,1
Kerala,11.63045584,76.01814584,1
Kerala,11.60311373,76.08314904,1
Kerala,11.24810247,75.83413592,4
Kerala,11.24701616,75.83467864,3
Kerala,10.99573941,75.99210994,2
Kerala,10.98386743,75.9980295,1
Kerala,10.90772625,75.92032568,2
Kerala,10.78602051,76.00816182,1
Kerala,10.59562258,76.04459843,1
Kerala,10.53992625,76.19288758,2
Kerala,10.55587199,76.32282252,1
Kerala,10.5127597,76.25891675,2
Kerala,10.49548871,76.25680253,5
Kerala,10.23131902,76.1972431,2
Kerala,10.22272376,76.37569774,1
Kerala,10.137094,76.18028953,2
Kerala,10.02416042,76.30871193,3
Kerala,10.01114482,76.31249741,1
Kerala,9.968304525,76.24570948,1
Kerala,9.961431244,76.26949095,1
Kerala,9.981770566,76.57830423,2
Kerala,10.02567632,77.05377106,1
Kerala,9.859751104,76.33582417,2
Kerala,9.596033619,76.30277024,1
Kerala,9.518713883,76.32748515,2
Kerala,9.582880476,76.52168622,1
Kerala,9.5715482,76.51936941,1
Kerala,9.60343667,77.17154785,2
Kerala,9.544093022,76.87733542,1
Kerala,9.45516547,76.54242382,1
Kerala,9.283238234,76.53084011,2
Kerala,9.316719271,76.80097102,3
Kerala,9.161947572,76.72149631,1
Kerala,8.898682096,76.74213825,4
Kerala,8.864731077,76.66048322,2
Kerala,8.930368465,76.85381998,1
Kerala,8.812579175,76.75675171,2
Kerala,8.792020363,76.770632,1
Kerala,8.785763002,76.88370044,1
Kerala,8.687607888,76.82992395,1
Kerala,8.671500192,76.83499833,3
Kerala,8.651754842,76.9279797,2
Kerala,8.330756913,77.14237583,2
Kerala,8.306583673,77.08608641,2
Kerala,8.466545109,76.96080801,2
Kerala,8.544983421,76.97229844,1
Kerala,8.503667854,76.95391617,1
Kerala,8.499635232,76.95029906,2
Kerala,8.465871552,76.93909758,1
Kerala,8.476057965,76.91830975,2
Kerala,8.488386744,76.92245063,2
Kerala,8.575089637,76.86841739,1
Kerala,8.550683857,76.87848778,3
Kerala,8.542037313,76.87581948,3
Kerala,8.514470785,76.90784744,2
Kerala,8.510831845,76.90484032,2
Kerala,10.71947926,76.07748035,2
Kerala,10.82633,76.82033,1
Kerala,9.894287703,76.71587116,1
Kerala,10.53765403,76.19714944,3
Kerala,10.55934643,76.21735813,1
Kerala,10.00539481,76.30472192,2
Kerala,8.559479356,76.87807877,5
Kerala,9.088188398,76.48588774,3
Kerala,9.149021955,76.51291823,3
Madhya Pradesh,23.09049535,78.48162264,1
Madhya Pradesh,23.38651332,75.05985128,1
Madhya Pradesh,21.99778595,77.86538183,1
Madhya Pradesh,24.54054054,77.20867784,2
Madhya Pradesh,23.96396396,76.93830403,2
Madhya Pradesh,21.88567059,77.88399107,1
Madhya Pradesh,22.71655434,75.85496373,1
Madhya Pradesh,24.81017906,79.91151232,2
Madhya Pradesh,24.841218,79.9209553,1
Madhya Pradesh,21.9142364,79.52636659,1
Maharashtra,21.3402489,74.9376926,2
Maharashtra,17.87700895,75.97602203,2
Maharashtra,18.4826951,73.80274365,1
Maharashtra,18.45952287,73.78559864,2
Maharashtra,18.42334583,73.75486583,1
Maharashtra,18.31054253,73.86760941,1
Maharashtra,18.28557563,73.87505233,1
Maharashtra,18.28154498,73.87636353,1
Maharashtra,18.12750024,73.98387516,1
Maharashtra,18.11790759,73.98729378,1
Maharashtra,18.00265467,73.99485812,1
Maharashtra,17.9908306,73.99070514,1
Maharashtra,17.98773786,73.98952588,2
Maharashtra,17.9778043,73.9881483,1
Maharashtra,17.91698145,73.97485404,1
Maharashtra,17.89954189,73.97251179,1
Maharashtra,17.86785874,73.95717787,1
Maharashtra,17.81036487,73.97103556,1
Maharashtra,17.63772084,74.01241296,3
Maharashtra,17.60601431,74.03155559,1
Maharashtra,17.29809581,74.16724216,1
Maharashtra,17.27376684,74.18033478,1
Maharashtra,17.22568825,74.1800445,1
Maharashtra,17.20688926,74.15671571,1
Maharashtra,17.10677267,74.20528463,1
Maharashtra,16.96074918,74.27238858,1
Maharashtra,16.8618706,74.29702276,1
Maharashtra,16.82184906,74.28634525,1
Maharashtra,16.82115204,74.28579031,1
Maharashtra,16.74506412,74.32510322,1
Maharashtra,16.75365747,74.2789491,1
Maharashtra,16.73132464,74.28183032,1
Maharashtra,16.69887651,74.23114175,1
Maharashtra,16.70295635,74.23709669,1
Maharashtra,16.70238665,74.250298,1
Maharashtra,16.70252428,74.26649372,1
Maharashtra,16.68280173,74.27190755,1
Maharashtra,16.62190539,74.29599619,1
Maharashtra,18.55166848,73.76101557,1
Maharashtra,18.55341993,73.77066239,1
Maharashtra,18.55734577,73.77053982,1
Maharashtra,18.56124353,73.7812057,1
Maharashtra,18.56414083,73.77645743,1
Maharashtra,18.57893576,73.76250207,1
Maharashtra,18.59629964,73.75599936,1
Maharashtra,18.59901231,73.75415703,1
Maharashtra,18.59909099,73.75190356,1
Maharashtra,18.59991835,73.75371611,1
Maharashtra,18.61358685,73.74883334,1
Maharashtra,18.61652961,73.74773834,1
Maharashtra,18.62348821,73.74548105,1
Maharashtra,18.62389627,73.74563734,2
Maharashtra,18.62469386,73.71614384,1
Maharashtra,18.65176178,73.73354792,2
Maharashtra,17.22435243,74.18016473,2
Maharashtra,18.50392578,73.80373433,1
Maharashtra,20.6342695,78.92731552,1
Maharashtra,19.75759399,74.47634733,1
Maharashtra,20.83696798,74.75561015,1
Maharashtra,19.52011448,74.20273682,1
Maharashtra,20.57443904,78.88230402,2
Maharashtra,16.14641,74.21505,1
Maharashtra,18.15732716,73.96017845,4
Maharashtra,16.0026571,74.04357547,2
Maharashtra,18.27204628,73.85327216,4
Maharashtra,16.00262179,74.0434927,2
Maharashtra,16.7823341,74.27818104,3
Maharashtra,16.7033685,74.25045697,3
Maharashtra,19.1166,72.82927,1
Maharashtra,19.13995082,72.8519736,1
Maharashtra,19.24365159,73.13475572,1
Maharashtra,21.08856786,79.05438959,4
Maharashtra,17.63735819,74.01217807,1
Maharashtra,19.67794066,72.90804617,2
Maharashtra,24.34526163,75.6783233,1
Maharashtra,24.34687561,75.68155966,1
Maharashtra,19.05181892,74.72343146,2
Odisha,22.2869608,86.7909833,1
Odisha,22.4497441,86.5949437,2
Odisha,22.4498584,86.5950411,1
Odisha,22.14025,85.71265,1
Odisha,22.0015401,85.3279801,1
Odisha,22.243666,84.827354,3
Odisha,22.23666,84.77015,1
Odisha,22.2267046,84.8641165,1
Odisha,22.2268099,84.7960364,1
Odisha,22.2278125,84.8183874,2
Odisha,22.1040381,84.0375432,1
Odisha,22.1100379,83.9953189,1
Odisha,22.105083,84.037895,1
Odisha,21.762953,87.010724,1
Odisha,21.940046,86.744606,1
Odisha,21.9265285,86.7319555,1
Odisha,21.909101,86.751335,1
Odisha,21.8057616,85.9951672,1
Odisha,21.85272,83.99909,1
Odisha,21.86703,83.966208,1
Odisha,21.917408,83.38266,1
Odisha,21.920674,83.370714,1
Odisha,21.872869,83.388349,1
Odisha,21.8485001,82.7791088,1
Odisha,21.8069144,82.7525293,2
Odisha,21.8641043,82.4621088,1
Odisha,21.8833782,82.1504942,1
Odisha,21.734158,81.535732,1
Odisha,21.592751,87.020588,1
Odisha,21.5926108,87.0205579,1
Odisha,21.5930166,87.0207285,1
Odisha,21.481623,86.9069,3
Odisha,21.49872,86.93108,2
Odisha,21.5746535,87.0984959,1
Odisha,21.479922,86.904904,1
Odisha,21.5064591,86.911091,1
Odisha,21.4978274,86.8896469,1
Odisha,21.548809,85.494006,1
Odisha,21.6324613,85.5907884,1
Odisha,21.5490869,85.4942709,1
Odisha,21.65143,85.59395,1
Odisha,21.491887,83.9860082,1
Odisha,21.467634,83.977264,2
Odisha,21.5106163,84.0059202,1
Odisha,21.49525,83.97572,1
Odisha,21.5010249,83.8913131,4
Odisha,21.494135,83.98229,1
Odisha,21.6326653,82.1592037,1
Odisha,21.55027,81.94746,1
Odisha,21.51608,81.69389,2
Odisha,21.7025644,81.5427175,1
Odisha,21.697687,81.54614,1
Odisha,21.63401,81.62389,1
Odisha,21.5166085,81.6939279,1
Odisha,21.317264,86.725105,1
Odisha,21.2845369,86.6749795,1
Odisha,21.3825286,86.79633,1
Odisha,21.358081,86.784451,1
Odisha,21.2216615,86.1190697,1
Odisha,21.200249,86.12389,1
Odisha,21.3652959,83.7440391,1
Odisha,21.314257,83.4589782,1
Odisha,21.3127038,83.3128902,1
Odisha,21.314738,83.309171,1
Odisha,21.296246,82.921301,3
Odisha,21.32392,81.7012,1
Odisha,21.2020656,81.9192961,1
Odisha,21.2057845,81.872112,1
Odisha,21.3028027,81.7368091,1
Odisha,21.2182526,81.6301313,1
Odisha,21.3173134,81.6397184,1
Odisha,21.2377887,81.6896835,1
Odisha,21.2495941,81.523425,1
Odisha,21.341343,81.429919,1
Odisha,21.364806,81.6637644,1
Odisha,21.2416455,81.4959004,1
Odisha,21.335394,81.621727,1
Odisha,21.2404095,81.6577801,1
Odisha,21.2444126,81.607608,1
Odisha,21.315833,81.639605,1
Odisha,21.2346227,81.6644444,1
Odisha,21.2404001,81.6029695,1
Odisha,21.24332,81.579622,1
Odisha,21.2350671,81.6309002,2
Odisha,21.2440004,81.6347188,1
Odisha,21.225601,81.6560523,2
Odisha,21.2553683,81.6294531,2
Odisha,21.2402071,81.6843083,1
Odisha,21.2395532,81.6776714,1
Odisha,21.0984032,86.5266842,1
Odisha,21.071771,86.49832,1
Odisha,21.0702881,86.4970845,1
Odisha,20.9758779,86.4012231,1
Odisha,21.06981,86.496256,1
Odisha,21.104305,86.532646,1
Odisha,20.9362048,86.1646624,1
Odisha,20.9189587,86.2169684,1
Odisha,20.9867242,85.989196,1
Odisha,20.9502562,85.989753,1
Odisha,21.0685308,82.3617326,1
Odisha,21.1636206,81.788358,1
Odisha,21.1612821,81.796672,1
Odisha,21.1613368,81.7964476,1
Odisha,21.0784588,81.7518659,1
Odisha,21.1340895,81.7723539,1
Odisha,21.0435101,81.7320747,1
Odisha,21.0478294,81.5331778,1
Odisha,21.035982,81.5461322,1
Odisha,21.0161093,81.7029005,600
Odisha,20.838154,86.308423,1
Odisha,20.7039371,86.1341964,1
Odisha,20.752399,86.150857,1
Odisha,20.6581671,86.1173138,1
Odisha,20.6942379,86.1328793,1
Odisha,20.656229,86.112809,1
Odisha,20.6695199,85.5922933,1
Odisha,20.8014756,85.5434702,1
Odisha,20.8317557,85.2416603,1
Odisha,20.8317352,85.2416586,1
Odisha,20.8327932,85.2382886,1
Odisha,20.832794,85.085236,1
Odisha,20.8450685,85.1162026,2
Odisha,20.8235109,85.0620926,1
Odisha,20.8234079,85.0620499,1
Odisha,20.80489,84.03399,1
Odisha,20.8577541,83.9441821,1
Odisha,20.8471861,83.894135,1
Odisha,20.7425344,81.5791428,1
Odisha,20.817085,81.6828102,1
Odisha,20.5307153,86.3579333,1
Odisha,20.4209459,86.0903038,1
Odisha,20.4823589,86.0581588,1
Odisha,20.3702497,85.8909745,1
Odisha,20.491886,85.93527,1
Odisha,20.4791192,85.8398223,1
Odisha,20.529316,85.949237,1
Odisha,20.453737,85.88849,1
Odisha,20.4116317,85.8794133,1
Odisha,20.481787,85.817213,1
Odisha,20.4497938,85.8982001,1
Odisha,20.469631,85.85469,1
Odisha,20.460117,85.88938,1
Odisha,20.44235,85.90481,1
Odisha,20.4551603,85.8866555,1
Odisha,20.446043,85.9069427,1
Odisha,20.4660615,85.9053606,1
Odisha,20.474403,85.8447998,1
Odisha,20.4051611,85.8798077,2
Odisha,20.5506603,85.774418,1
Odisha,20.4621758,85.8837439,1
Odisha,20.3770148,85.8893793,1
Odisha,20.5512697,85.9854959,1
Odisha,20.2895101,86.6453834,1
Odisha,20.307243,86.320751,1
Odisha,20.2606974,86.2016437,2
Odisha,20.193901,85.859992,1
Odisha,20.289135,85.8152489,1
Odisha,20.315432,85.82054,1
Odisha,20.3570179,85.8888203,5
Odisha,20.256187,85.7868375,2
Odisha,20.2614172,85.8438993,1
Odisha,20.2995501,85.8309735,1
Odisha,20.2914763,85.8560122,2
Odisha,20.2669537,85.8694239,1
Odisha,20.2640837,85.8457679,1
Odisha,20.245772,85.783043,2
Odisha,20.259014,85.8397059,2
Odisha,20.2710386,85.7838293,1
Odisha,20.2986351,85.8227086,1
Odisha,20.2529878,85.818779,2
Odisha,20.2476107,85.8409846,1
Odisha,20.283109,85.8060111,1
Odisha,20.25473,85.787241,2
Odisha,20.2269974,85.841081,3
Odisha,20.2573761,85.840973,1
Odisha,20.2277148,85.7356304,1
Odisha,20.205643,85.644066,2
Odisha,20.2411801,85.7591555,3
Odisha,20.238165,85.756643,2
Odisha,20.2555141,85.6866637,1
Odisha,20.242778,85.756117,1
Odisha,20.2530223,85.6869698,7
Odisha,20.2546992,85.6867814,1
Odisha,20.2306078,85.7376707,2
Odisha,20.2407436,85.7590281,1
Odisha,20.223618,85.726762,1
Odisha,20.1939131,85.6521488,1
Odisha,20.178873,85.61153,1
Odisha,20.1545358,85.0637881,1
Odisha,20.141301,83.968362,1
Odisha,20.2027864,82.936256,1
Odisha,20.3013862,82.7516433,2
Odisha,20.0299963,86.131915,1
Odisha,20.036226,85.825447,1
Odisha,19.9812257,85.8251193,1
Odisha,20.001994,85.8205414,1
Odisha,19.913864,85.98975,1
Odisha,20.0089777,85.8138496,1
Odisha,20.0090935,85.813832,1
Odisha,19.8373153,85.8366266,2
Odisha,19.887409,85.803106,1
Odisha,19.864923,85.66567,1
Odisha,19.9604389,85.4336031,1
Odisha,19.995597,85.479968,1
Odisha,19.9901672,85.4736527,1
Odisha,19.924364,84.57135,1
Odisha,20.038907,84.638569,1
Odisha,19.924915,83.174075,1
Odisha,20.0887924,82.3621049,11
Odisha,19.8134808,85.8362997,1
Odisha,19.7952607,85.8132809,1
Odisha,19.8024197,85.8239399,1
Odisha,19.7907462,85.8030868,1
Odisha,19.718938,85.5235713,1
Odisha,19.799158,85.664566,1
Odisha,19.71935,85.5244868,1
Odisha,19.67855,85.171409,1
Odisha,19.6782474,85.1714786,1
Odisha,19.6331555,85.1353263,1
Odisha,19.749316,85.207598,2
Odisha,19.731375,83.479141,1
Odisha,19.652453,82.225619,1
Odisha,19.31151,84.83354,1
Odisha,19.34123,84.76845,1
Odisha,19.324255,84.87503,1
Odisha,19.3171717,84.7772474,1
Odisha,19.3071386,84.8292277,1
Odisha,19.3194175,84.7844863,1
Odisha,19.308462,84.77319,1
Odisha,19.301504,84.83013,1
Odisha,19.306038,84.78173,1
Odisha,19.315211,84.858144,2
Odisha,19.31608,84.85278,1
Odisha,19.30744,84.81665,1
Odisha,19.3176997,84.7905836,1
Odisha,19.32163,84.86715,1
Odisha,19.319885,84.78113,1
Odisha,19.2956471,84.8195658,1
Odisha,19.334627,84.768619,1
Odisha,19.3057277,84.7817268,1
Odisha,19.303381,84.795044,1
Odisha,19.2991714,84.8317631,1
Odisha,19.447535,84.591458,1
Odisha,19.180776,84.725327,1
Odisha,19.26892,84.77745,1
Odisha,19.183324,84.727616,1
Odisha,19.194212,84.61756,1
Odisha,18.845465,84.5031,1
Odisha,18.8020625,83.9918125,1
Odisha,18.7689167,83.4215387,1
Odisha,18.8582131,82.5899051,1
Odisha,18.84732,82.565171,2
Odisha,18.606024,84.229915,1
Odisha,18.534753,83.651339,1
Odisha,18.5970465,83.7640945,1
Odisha,18.6104394,83.3992285,1
Odisha,18.5035093,83.2469705,1
Odisha,18.7012078,82.879837,1
Odisha,18.295933,83.893148,1
Odisha,18.3262791,83.941268,1
Odisha,18.3243588,83.9391102,1
Odisha,18.3226736,83.893722,1
Odisha,18.4243285,84.0480246,1
Odisha,18.309546,83.91882,1
Odisha,18.3004408,83.8711628,1
Odisha,18.289378,83.914594,1
Odisha,18.2791756,83.5261386,1
Odisha,18.3372038,82.8779255,1
Odisha,18.3225938,82.8776518,1
Odisha,18.2958652,82.9144748,1
Odisha,18.3137141,82.8937424,1
Odisha,18.139519,83.617595,1
Odisha,18.1499177,83.6353106,1
Odisha,18.173032,83.676949,1
Odisha,18.0418515,83.5097221,1
Odisha,18.0203857,83.4020948,1
Odisha,18.0565007,83.3971128,1
Odisha,18.0570972,83.3971881,1
Odisha,18.0928016,83.3884047,1
Odisha,18.080786,83.38528,1
Odisha,17.9524227,83.4163581,1
Odisha,18.0801438,83.3853509,1
Odisha,17.952421,83.416311,1
Odisha,17.9577677,83.1773604,1
Odisha,18.116682,83.13772,1
Odisha,17.9577677,83.1773604,1
Odisha,18.116682,83.13772,1
Odisha,19.995597,85.479968,1
Odisha,19.9901672,85.4736527,1
Odisha,19.924364,84.57135,1
Odisha,20.038907,84.638569,1
Odisha,19.924915,83.174075,1
Odisha,20.0887924,82.3621049,11
Odisha,19.8134808,85.8362997,1
Odisha,19.7952607,85.8132809,1
Odisha,19.8024197,85.8239399,1
Odisha,19.7907462,85.8030868,1
Odisha,19.718938,85.5235713,1
Odisha,19.799158,85.664566,1
Odisha,19.71935,85.5244868,1
Odisha,19.67855,85.171409,1
Odisha,19.6782474,85.1714786,1
Odisha,19.6331555,85.1353263,1
Odisha,19.749316,85.207598,2
Odisha,19.731375,83.479141,1
Odisha,19.652453,82.225619,1
Odisha,19.31151,84.83354,1
Odisha,19.34123,84.76845,1
Odisha,19.324255,84.87503,1
Odisha,19.3171717,84.7772474,1
Odisha,19.3071386,84.8292277,1
Odisha,19.3194175,84.7844863,1
Odisha,19.308462,84.77319,1
Odisha,19.301504,84.83013,1
Odisha,19.306038,84.78173,1
Odisha,19.315211,84.858144,2
Odisha,19.31608,84.85278,1
Odisha,19.30744,84.81665,1
Odisha,19.3176997,84.7905836,1
Odisha,19.32163,84.86715,1
Odisha,19.319885,84.78113,1
Odisha,19.2956471,84.8195658,1
Odisha,19.334627,84.768619,1
Odisha,19.3057277,84.7817268,1
Odisha,19.303381,84.795044,1
Odisha,19.2991714,84.8317631,1
Odisha,19.447535,84.591458,1
Odisha,19.180776,84.725327,1
Odisha,19.26892,84.77745,1
Odisha,19.183324,84.727616,1
Odisha,19.194212,84.61756,1
Odisha,18.845465,84.5031,1
Odisha,18.8020625,83.9918125,1
Odisha,18.7689167,83.4215387,1
Odisha,18.8582131,82.5899051,1
Odisha,18.84732,82.565171,2
Odisha,18.606024,84.229915,1
Odisha,18.534753,83.651339,1
Odisha,18.5970465,83.7640945,1
Odisha,18.6104394,83.3992285,1
Odisha,18.5035093,83.2469705,1
Odisha,18.7012078,82.879837,1
Odisha,18.295933,83.893148,1
Odisha,18.3262791,83.941268,1
Odisha,18.3243588,83.9391102,1
Odisha,18.3226736,83.893722,1
Odisha,18.4243285,84.0480246,1
Odisha,18.309546,83.91882,1
Odisha,18.3004408,83.8711628,1
Odisha,18.289378,83.914594,1
Odisha,18.2791756,83.5261386,1
Odisha,18.3372038,82.8779255,1
Odisha,18.3225938,82.8776518,1
Odisha,18.2958652,82.9144748,1
Odisha,18.3137141,82.8937424,1
Odisha,18.139519,83.617595,1
Odisha,18.1499177,83.6353106,1
Odisha,18.173032,83.676949,1
Odisha,18.0418515,83.5097221,1
Odisha,18.0203857,83.4020948,1
Odisha,18.0565007,83.3971128,1
Odisha,18.0570972,83.3971881,1
Odisha,18.0928016,83.3884047,1
Odisha,18.080786,83.38528,1
Odisha,17.9524227,83.4163581,1
Odisha,18.0801438,83.3853509,1
Odisha,17.952421,83.416311,1
Odisha,17.9577677,83.1773604,1
Odisha,18.116682,83.13772,1
Odisha,18.289378,83.914594,1
Puducherry,10.93799,79.8224,1
Punjab,30.70254031,76.72955328,1
Punjab,30.54447274,76.82153643,2
Rajasthan,26.83003059,75.57120344,4
rajasthan,26.63638297,75.10221733,2
Rajasthan,27.56255202,76.07508906,2
Rajasthan,27.56255202,76.07508906,2
Rajasthan,27.56240732,76.07497801,4
Rajasthan,24.89141835,75.96482113,2
Rajasthan,29.88678759,73.92823039,1
Rajasthan,29.88699156,73.92473793,1
Rajasthan,26.37854418,76.25327631,1
Rajasthan,25.16222567,76.16636008,1
Rajasthan,27.28713106,76.77469481,2
Rajasthan,24.49438992,73.6564737,4
Rajasthan,24.59118987,74.69685914,2
Rajasthan,24.83430627,74.5697424,4
Rajasthan,26.42609271,74.68143813,2
Rajasthan,26.59302925,74.92709454,2
Rajasthan,26.74603694,75.32142487,2
Rajasthan,26.80701491,75.6426502,2
Rajasthan,25.16005686,75.88176313,2
Rajasthan,25.1477204,75.32436698,2
Rajasthan,25.93210843,72.22682392,2
Rajasthan,26.26176544,73.00007961,2
Rajasthan,26.31760841,72.86856101,1
Rajasthan,27.66703607,73.36820701,2
Rajasthan,28.02686509,73.26409415,2
Rajasthan,28.05608118,74.60426741,2
Rajasthan,27.67981935,75.09126198,2
Rajasthan,27.97834887,76.40048626,1
Rajasthan,27.34580386,75.602122,2
Rajasthan,27.34229196,75.60268351,1
Rajasthan,27.48858907,76.05286559,2
Rajasthan,27.28732765,76.77323195,2
Rajasthan,24.59457946,73.76870844,1
Rajasthan,24.61225001,74.07281592,1
Rajasthan,23.93190018,73.56855528,2
Rajasthan,23.95904258,73.58165669,2
Rajasthan,25.15231409,74.62321291,2
Rajasthan,24.75775893,73.01997679,2
Rajasthan,25.77983334,74.6238682,2
Rajasthan,26.78105566,75.82683191,2
Rajasthan,26.84202738,75.79630011,2
Rajasthan,27.85741685,76.26572513,2
Rajasthan,27.87421407,76.27630696,2
Rajasthan,28.20192129,76.80953731,1
Rajasthan,27.9383458,75.2314383,1
Rajasthan,26.37735802,76.25375667,1
Tamil Nadu,11.63971963,79.55066305,1
Tamil Nadu,12.9321726,79.13688026,2
Tamil Nadu,10.8953673,76.94041881,2
Tamil Nadu,10.33734724,77.95757892,2
Tamil Nadu,12.74428581,80.2392813,2
Tamil Nadu,12.61307921,80.16879624,2
Tamil Nadu,12.92743399,79.93416223,4
Tamil Nadu,12.93260726,79.90581636,2
Tamil Nadu,12.25866069,79.06838859,2
Tamil Nadu,11.81284597,79.41801965,4
Tamil Nadu,11.26305138,78.89741318,2
Tamil Nadu,11.64835524,78.12020883,2
Tamil Nadu,11.04548355,76.98578975,2
Tamil Nadu,10.74085677,79.10755813,2
Tamil Nadu,10.80435322,78.67725322,2
Tamil Nadu,10.7912074,78.65778448,2
Tamil Nadu,10.56066896,78.32180842,2
Tamil Nadu,10.07007841,78.72750458,2
Tamil Nadu,9.817119729,77.97834107,2
Tamil Nadu,9.300003538,77.91565811,2
Tamil Nadu,8.540251135,77.6695171,2
Tamil Nadu,10.71722243,77.5562138,2
Tamil Nadu,10.9967578,77.00865211,2
Tamil Nadu,11.05285775,76.94583684,1
Tamil Nadu,11.31864953,76.92080873,1
Tamil Nadu,8.194502907,77.39441636,2
Tamil Nadu,11.044939,78.055861,1
Tamil Nadu,10.777439,77.920825,2
Tamil Nadu,10.9642143,78.04655561,1
Tamil Nadu,10.96396171,78.04804205,1
Tamil Nadu,12.48148773,79.8625223,1
Tamil Nadu,13.07148,80.11256,1
Tamil Nadu,13.19516,79.64576,1
Tamil Nadu,12.86196,79.13251,1
Tamil Nadu,12.93209,79.13843,1
Tamil Nadu,12.64682,78.58269,1
Tamil Nadu,11.71937,79.33668,1
Tamil Nadu,11.59206,79.15621,1
Tamil Nadu,11.71086,78.94797,1
Tamil Nadu,11.592,78.62726,1
Tamil Nadu,11.209,78.8828,1
Tamil Nadu,10.68292,79.8478,1
Tamil Nadu,10.728,79.04692,1
Tamil Nadu,10.85843,78.71129,1
Tamil Nadu,10.6244,78.56317,1
Tamil Nadu,10.79194,78.65714,1
Tamil Nadu,10.07009,78.76079,1
Tamil Nadu,8.7816,78.10053,1
Tamil Nadu,8.53918,78.11771,1
Tamil Nadu,11.4866,77.99226,1
Tamil Nadu,11.3998,77.62536,1
Tamil Nadu,11.37172,77.64731,1
Tamil Nadu,11.31239,77.66505,1
Tamil Nadu,11.28353,77.55823,1
Tamil Nadu,11.17708,77.24713,1
Tamil Nadu,11.17513,77.26342,1
Tamil Nadu,11.17719,77.28392,1
Tamil Nadu,11.1778,77.28318,1
Tamil Nadu,10.64693,76.91992,1
Tamil Nadu,10.85592,76.86251,1
Tamil Nadu,11.11848,76.75985,1
Tamil Nadu,10.91863,76.98461,2
Tamil Nadu,11.00142,77.06625,1
Tamil Nadu,11.0028,77.03874,1
Tamil Nadu,11.05013,77.05773,1
Tamil Nadu,11.03623,77.03736,1
Tamil Nadu,11.02287,76.99726,1
Tamil Nadu,11.01434,76.98979,1
Tamil Nadu,11.01223,76.98654,2
Tamil Nadu,11.01157,76.98444,1
Tamil Nadu,11.0025,76.97363,1
Tamil Nadu,10.99713,76.97389,1
Tamil Nadu,11.00939,76.95905,8
Tamil Nadu,11.01695,76.96566,1
Tamil Nadu,11.08231,76.98681,1
Tamil Nadu,11.42336,76.86669,1
Tamil Nadu,11.42998,76.86711,1
Tamil Nadu,11.39974,76.66623,1
Tamil Nadu,11.49862,76.49398,1
Tamil Nadu,9.78446,78.094274,1
Tamil Nadu,9.28468,79.29506,1
Tamil Nadu,9.28616,79.27707,1
Tamil Nadu,9.35021,78.88531,1
Tamil Nadu,9.3909,78.8514,1
Tamil Nadu,9.36109,78.84638,1
Tamil Nadu,9.35954,78.83801,1
Tamil Nadu,9.36718,78.8099,1
Tamil Nadu,9.68846,78.44998,1
Tamil Nadu,9.81293,78.26301,1
Tamil Nadu,9.84301,78.10406,1
Tamil Nadu,9.84111,78.10481,1
Tamil Nadu,9.86373,78.12427,1
Tamil Nadu,9.9017,78.04536,1
Tamil Nadu,9.89713,78.08755,1
Tamil Nadu,9.91161,78.09279,1
Tamil Nadu,9.886214391,78.15132219,1
Tamil Nadu,9.886238411,78.15058163,1
Tamil Nadu,9.885731969,78.14862819,1
Tamil Nadu,9.904912124,78.096602,1
Tamil Nadu,9.937168599,78.13268945,1
Tamil Nadu,9.941091589,78.13946538,1
Tamil Nadu,11.66543,78.14509,1
Tamil Nadu,9.96434,78.06483,1
Tamil Nadu,10.0124,78.01737,1
Tamil Nadu,10.07991,77.97778,1
Tamil Nadu,10.11237,77.93769,1
Tamil Nadu,10.2998,77.9413,1
Tamil Nadu,10.33668,77.95701,1
Tamil Nadu,10.3741,77.96772,1
Tamil Nadu,10.38031,77.99536,1
Tamil Nadu,10.386,77.96756,1
Tamil Nadu,10.42633,77.95391,1
Tamil Nadu,10.42743,77.95434,1
Tamil Nadu,10.95696,77.85174,1
Tamil Nadu,10.90851,78.10009,1
Tamil Nadu,10.95773,78.06033,1
Tamil Nadu,10.97867,78.06428,1
Tamil Nadu,11.01214832,78.06795343,1
Tamil Nadu,11.17039,78.03892,1
Tamil Nadu,11.23999,78.14177,1
Tamil Nadu,11.27246,78.16423,1
Tamil Nadu,11.27967,78.16411,1
Tamil Nadu,11.44779,78.16161,1
Tamil Nadu,11.49253,78.15367,1
Tamil Nadu,11.53586,78.14556,4
Tamil Nadu,11.57838,78.14588,1
Tamil Nadu,11.57853,78.14611,1
Tamil Nadu,11.61856,78.107,1
Tamil Nadu,11.68287,78.12606,1
Tamil Nadu,11.69299,78.11234,1
Tamil Nadu,11.72134,78.07146,1
Tamil Nadu,11.75299,78.05057,1
Tamil Nadu,11.75518,78.05113,1
Tamil Nadu,11.82426,78.06513,1
Tamil Nadu,12.12502,78.13515,1
Tamil Nadu,12.27429,78.197,1
Tamil Nadu,12.34146,78.21598,1
Tamil Nadu,12.53084,78.23787,1
Tamil Nadu,12.55407,78.18823,1
Tamil Nadu,12.57037,78.17235,1
Tamil Nadu,12.57339,78.16922,1
Tamil Nadu,12.58920281,78.14394723,1
Tamil Nadu,12.5819,78.15707,1
Tamil Nadu,12.58858,78.14646,1
Tamil Nadu,12.63869,78.06529,1
Tamil Nadu,12.64608,78.04741,1
Tamil Nadu,12.67108,77.97997,1
Tamil Nadu,12.6807,77.95265,1
Tamil Nadu,12.68784,77.92684,1
Tamil Nadu,12.71462,77.88475,1
Tamil Nadu,12.71741,77.87594,1
Tamil Nadu,12.74717,77.81056,1
Tamil Nadu,12.75413,77.80406,1
Tamil Nadu,11.48992392,77.24369169,1
Tamil Nadu,13.03523121,80.19546897,1
Tamil Nadu,11.27928,76.94778,1
Tamil Nadu,11.32163,76.9161,1
Tamil Nadu,11.36142,76.79607,1
Tamil Nadu,11.34605,76.80108,1
Tamil Nadu,11.33652,76.71073,1
Tamil Nadu,11.4023,76.69714,1
Tamil Nadu,11.39057,76.69866,1
Tamil Nadu,11.42074,76.70407,2
Tamil Nadu,11.41494,76.69288,1
Tamil Nadu,12.90702,78.9619,3
Tamil Nadu,12.88816819,78.87963197,5
Tamil Nadu,12.6667009,78.00280462,1
Tamil Nadu,10.9601063,79.3926127,1
Tamil Nadu,8.115411,77.532217,1
Tamil Nadu,11.73619658,79.00933295,1
Tamil Nadu,11.66173152,78.33119546,1
Tamil Nadu,11.22135782,79.73769503,1
Tamil Nadu,11.40802995,79.67390344,1
Tamil Nadu,12.06587465,79.88027083,1
Tamil Nadu,10.65218943,78.7421418,1
Tamil Nadu,10.80578,78.73219,1
Tamil Nadu,11.04022108,77.04083279,2
Tamil Nadu,10.72709336,76.92989238,1
Tamil Nadu,11.77470055,78.22697854,1
Tamil Nadu,13.06959746,80.1779609,1
Tamil Nadu,12.92909927,79.1336516,1
Tamil Nadu,12.54195,78.20175,1
Tamil Nadu,9.357267832,78.87360869,1
Tamil Nadu,10.44303096,77.51617095,1
Tamil Nadu,9.987081053,78.24154444,1
Tamil Nadu,11.04036238,77.04093889,1
Tamil Nadu,13.06959746,80.1779609,1
Tamil Nadu,12.85301412,78.81703476,10
Tamil nadu,12.00702592,78.08084312,2
Tamil Nadu,12.64875446,78.58332854,1
Tamil Nadu,12.23639376,79.08960088,1
Tamil Nadu,12.24034498,79.66228159,1
Tamil nadu,12.9036054,80.167116,1
Tamil Nadu,13.03601745,80.04651678,1
Tamil Nadu,13.10080944,80.19059824,1
Tamil Nadu,13.10080944,80.19059824,1
Tamil Nadu,11.4850375,78.01971132,1
Tamil Nadu,11.4850375,78.01971132,1
Tamil Nadu,12.24691994,78.07576855,1
Tamil Nadu,8.66847,77.71834,1
Tamil Nadu,8.72921,77.72092,1
Tamil Nadu,12.87380016,80.07849378,1
Tamil Nadu,13.00801058,79.99673028,1
Tamil Nadu,12.98007448,80.25315304,1
Tamil Nadu,11.51942244,77.93477089,2
Tamil Nadu,12.9908,80.2424,1
Tamil Nadu,12.2406595,79.663151,1
Tamil Nadu,9.357267832,11.30199446,1
Tamil Nadu,11.64166691,79.55021664,1
Tamil Nadu,11.04640756,77.07956128,1
Tamil Nadu,12.919047,80.28298608,1
Tamil Nadu,9.468266612,77.56613528,1
Tamil Nadu,11.23077077,78.57300877,1
Tamil Nadu,13.0398837,80.24507602,1
Tamil Nadu,13.08644094,80.24611762,1
Telangana,17.46701201,78.30910574,4
Telangana,17.34047579,78.5453955,1
Telangana,16.81449384,78.14832854,2
Telangana,16.81475507,78.14840023,2
Telangana,18.82290771,78.32172268,2
Telangana,15.88633415,78.01636639,6
Telangana,18.63217084,78.20817023,1
Telangana,17,78.56117774,1
Telangana,17.44366,78.46395,1
Telangana,17.4249236,78.4219657,1
Telangana,17.36334,78.4337,1
Telangana,17.50128,78.37811,4
Telangana,17.41336161,78.42659662,2
Uttar Pradesh,26.33694246,79.37007255,7
Uttar Pradesh,25.25244456,80.74364419,6
Uttar Pradesh,26.83827057,80.85377711,1
Uttar Pradesh,27.61204701,77.74185073,2
Uttar Pradesh,27.55039597,77.75506264,2
Uttar Pradesh,27.15340534,78.07073593,1
Uttar Pradesh,26.83799922,80.98672704,2
Uttar Pradesh,26.85721069,80.98223515,4
Uttar Pradesh,28.45518637,77.50358521,1
Uttar Pradesh,28.54753,77.44491,3
Uttar Pradesh,28.59622945,77.33062464,2
Uttar Pradesh,28.46461299,77.50846719,2
Uttar Pradesh,28.56991651,77.32208501,2
Uttar Pradesh,28.57454445,77.31348268,2
Uttar Pradesh,28.58796762,77.35208698,1
Uttar Pradesh,27.57529195,77.61453112,1
Uttar Pradesh,27.82922438,77.4210658,1
Uttar Pradesh,27.82411765,77.42561289,1
Uttar Pradesh,27.82397398,77.42520025,2
Uttar Pradesh,27.81631621,77.42763146,1
Uttar Pradesh,28.58017235,77.31546217,2
Uttar Pradesh,28.56977884,77.32328834,5
Uttar Pradesh,28.56720835,77.32153396,2
Uttar Pradesh,28.54219546,77.34071383,2
Uttar Pradesh,28.54471242,77.32719346,3
Uttar Pradesh,28.5009107,77.40992469,1
Uttar Pradesh,28.48878386,77.51396501,1
Uttar Pradesh,28.47809947,77.5214747,1
Uttar Pradesh,28.4622375,77.49128581,1
Uttarakhand,29.17643652,79.49640946,1
Uttarakhand,29.22417745,79.50104337,1
Uttarakhand,29.24538972,79.53597171,1
Uttarakhand,29.21491941,79.52798466,1
Uttarakhand,29.18654206,79.52084263,1
Uttarakhand,29.00038213,79.39987738,1
Uttarakhand,28.99484157,79.40068625,1
Uttarakhand,28.97584854,79.38954231,1
Uttarakhand,28.93121649,79.51703689,1
Uttarakhand,28.87083364,79.51648005,1
Uttarakhand,28.89269395,79.5095637,1
Uttarakhand,29.163755,79.522706,1
Uttarakhand,28.99816711,79.41578576,2
Uttarakhand,28.97859682,79.40045317,1
West Bengal,23.66383145,87.05782811,1
West Bengal,21.65144351,87.65139955,1
West Bengal,22.9226685,88.45628434,1
West Bengal,22.8394671,88.38586414,1
West Bengal,22.70657212,88.37434853,1
West Bengal,22.57350556,88.40230026,1
West Bengal,22.5796706,88.44328991,1
