,State Name,Two Wheeler,Three Wheeler,Four Wheeler,Goods Vehicles,Public Service Vehicle,Special Category Vehicles,Construction Equipment Vehicle,Other,Grand Total,Public Charging Stations,Total Population
1,Andaman and Nicobar Island,116,30,69,1,2,0,0,0,218,8,380581
2,Andhra Pradesh,97784,6690,10275,448,73,0,19,146,115435,1384,49577103
3,Arunachal Pradesh,49,3,78,3,10,0,0,0,143,55,1383727
4,Assam,7477,67562,718,89,105,0,2,404,76357,526,31205576
5,Bihar,52293,71673,1976,250,27,0,0,179,126398,762,104099452
6,Chandigarh,2769,895,3382,34,125,0,0,0,7205,24,1055450
7,Chhattisgarh,64860,11901,4679,256,1,5,366,29,82097,607,25545198
8,Delhi,62775,34626,25759,1517,2707,0,0,0,127384,653,16787941
9,Goa,11823,13,2558,30,3,2,0,11,14440,87,1458545
10,Gujarat,123887,4177,22611,366,558,531,35,56,152221,1488,60439692
11,Haryana,29575,13474,4456,1249,113,5,3,62,48937,1387,25351462
12,Himachal Pradesh,1775,68,910,35,124,0,1,3,2916,190,6864602
13,Jammu and Kashmir,5395,7578,803,38,242,0,0,2,14058,220,12267013
14,Jharkhand,22308,14999,1155,95,22,0,0,56,38635,427,32988134
15,Karnataka,285405,11470,35682,1135,372,1,0,132,334197,2400,61095297
16,Kerala,139194,10018,25823,870,27,5,0,4,175941,976,33406061
17,Ladakh,63,1,5,1,20,0,0,0,90,24,274289
18,Lakshdweep,69,5,1,0,0,0,0,0,75,1,64473
19,Madhya Pradesh,196600,29146,8713,675,67,30,0,45,235276,1417,72626809
20,Maharashtra,425917,13215,52145,4013,813,5,14,295,496417,2243,112374333
21,Manipur,597,817,153,1,1,0,0,0,1569,71,2855794
22,Meghalaya,202,292,144,15,5,0,0,0,658,80,2966889
23,Mizoram,531,8,19,2,1,0,1,1,563,30,1097206
24,Nagaland,24,485,20,5,0,1,1,0,536,53,1978502
25,Odisha,144562,4665,8378,763,290,25,31,125,158839,766,41974218
26,Puducherry,8062,589,270,8,16,0,0,2,8947,58,1247953
27,Punjab,55004,8322,6967,283,12,3,0,91,70682,1165,27743338
28,Rajasthan,159008,17614,21486,1951,74,1,4,59,200197,1985,68548437
29,Sikkim,3,0,10,0,0,0,0,0,13,13,610577
30,Tamil Nadu,259290,10646,25853,2131,751,2,14,1677,300364,2286,72147030
31,Telangana,22559,16061,8493,1103,1122,0,0,2,49340,1524,35193978
32,Tripura,860,7994,40,45,0,0,0,0,8939,63,3673917
33,Dadra and Nagar Haveli and Daman and Diu,315,7,131,12,25,7,0,1,498,18,585764
34,Uttar Pradesh,236172,188160,23278,1294,229,5,135,97,449370,3284,199812341
35,Uttarakhand,16877,8447,2089,55,15,0,0,2,27485,254,10086292
36,West Bengal,51015,41820,8294,337,25,28,1,2442,103962,1208,91276115
